epoch,mae,set
0,0.5393001437187195,train
0,0.1600106954574585,train
1,0.5345568060874939,train
1,0.170357346534729,train
2,0.5171129107475281,train
2,0.6109923124313354,train
3,0.5266746878623962,train
3,0.20095133781433105,train
4,0.5105770826339722,train
4,0.6357749104499817,train
5,0.5239986181259155,train
5,0.12349268794059753,train
6,0.5070465207099915,train
6,0.5870304107666016,train
7,0.517157793045044,train
7,0.18676942586898804,train
8,0.5141973495483398,train
8,0.1978740692138672,train
9,0.5032827258110046,train
9,0.47064924240112305,train
10,0.46977800130844116,train
10,1.468851089477539,train
11,0.5033039450645447,train
11,0.3394150733947754,train
12,0.5047396421432495,train
12,0.24586820602416992,train
13,0.4958338737487793,train
13,0.4807095527648926,train
14,0.508386492729187,train
14,0.0279691219329834,train
15,0.49123886227607727,train
15,0.5370800495147705,train
16,0.4831651747226715,train
16,0.7508435249328613,train
17,0.46453678607940674,train
17,1.2910981178283691,train
18,0.47987937927246094,train
18,0.7315714359283447,train
19,0.5001696944236755,train
19,0.013355016708374023,train
20,0.4854910969734192,train
20,0.40605008602142334,train
21,0.4486910104751587,train
21,1.5122709274291992,train
22,0.4876004159450531,train
22,0.20022189617156982,train
23,0.4895951747894287,train
23,0.08698391914367676,train
24,0.48807403445243835,train
24,0.08283913135528564,train
25,0.4834910035133362,train
25,0.17800378799438477,train
26,0.481972336769104,train
26,0.1736578345298767,train
27,0.4828328490257263,train
27,0.09778624773025513,train
28,0.4679103493690491,train
28,0.5274909734725952,train
29,0.48005613684654236,train
29,0.10078006982803345,train
30,0.47701573371887207,train
30,0.16752243041992188,train
31,0.48006388545036316,train
31,0.03927457332611084,train
32,0.4712958335876465,train
32,0.2828003168106079,train
33,0.4593622088432312,train
33,0.6223335266113281,train
34,0.4635879397392273,train
34,0.4388160705566406,train
35,0.4738692045211792,train
35,0.057227373123168945,train
36,0.46940553188323975,train
36,0.14100980758666992,train
37,0.4339559078216553,train
37,1.2234551906585693,train
38,0.46865755319595337,train
38,0.06206011772155762,train
39,0.41974741220474243,train
39,1.578704595565796,train
40,0.4661199152469635,train
40,0.05543208122253418,train
41,0.4641876518726349,train
41,0.08800268173217773,train
42,0.44541823863983154,train
42,0.6576759815216064,train
43,0.4649970829486847,train
43,0.00011670589447021484,train
44,0.4616200029850006,train
44,0.08371269702911377,train
45,0.42702022194862366,train
45,1.1697895526885986,train
46,0.4548853039741516,train
46,0.2607811689376831,train
47,0.45970579981803894,train
47,0.09540271759033203,train
48,0.4445028007030487,train
48,0.5638262033462524,train
49,0.42371365427970886,train
49,1.2068557739257812,train
50,0.45846518874168396,train
50,0.07439041137695312,train
51,0.44769009947776794,train
51,0.3937675952911377,train
52,0.4390425682067871,train
52,0.6472989320755005,train
53,0.4581766724586487,train
53,0.010550379753112793,train
54,0.4208175539970398,train
54,1.1841983795166016,train
55,0.45562833547592163,train
55,0.05402913689613342,train
56,0.4492364525794983,train
56,0.24660825729370117,train
57,0.4559893012046814,train
57,0.017165184020996094,train
58,0.4413715600967407,train
58,0.46967530250549316,train
59,0.4541171193122864,train
59,0.04674828052520752,train
60,0.4413429796695709,train
60,0.43848133087158203,train
61,0.4372458755970001,train
61,0.5531015396118164,train
62,0.41699424386024475,train
62,1.1806976795196533,train
63,0.4520977735519409,train
63,0.034820556640625,train
64,0.4358035922050476,train
64,0.5393400192260742,train
65,0.41503071784973145,train
65,1.1830723285675049,train
66,0.4142981767654419,train
66,1.1858606338500977,train
67,0.4472655653953552,train
67,0.10972130298614502,train
68,0.4467809200286865,train
68,0.1100587248802185,train
69,0.44691842794418335,train
69,0.08827066421508789,train
70,0.44705134630203247,train
70,0.06473135948181152,train
71,0.4452628493309021,train
71,0.09972810745239258,train
72,0.4380318522453308,train
72,0.31365883350372314,train
73,0.4451313614845276,train
73,0.0684356689453125,train
74,0.44476640224456787,train
74,0.06252574920654297,train
75,0.44569313526153564,train
75,0.013508081436157227,train
76,0.4438786208629608,train
76,0.05387997627258301,train
77,0.42826491594314575,train
77,0.5320756435394287,train
78,0.43907442688941956,train
78,0.1615610122680664,train
79,0.441385954618454,train
79,0.06444740295410156,train
80,0.4418589472770691,train
80,0.02125263214111328,train
81,0.38178616762161255,train
81,1.9186732769012451,train
82,0.43994325399398804,train
82,0.03429555892944336,train
83,0.43626105785369873,train
83,0.12790262699127197,train
84,0.43017271161079407,train
84,0.30665600299835205,train
85,0.43533724546432495,train
85,0.1250319480895996,train
86,0.42815321683883667,train
86,0.33627307415008545,train
87,0.4193248748779297,train
87,0.5974843502044678,train
88,0.40176689624786377,train
88,1.144747257232666,train
89,0.4013928174972534,train
89,1.1426708698272705,train
90,0.43441906571388245,train
90,0.07087546586990356,train
91,0.4350322484970093,train
91,0.03534412384033203,train
92,0.43360668420791626,train
92,0.06296372413635254,train
93,0.41649162769317627,train
93,0.5943167805671692,train
94,0.4190146327018738,train
94,0.49518918991088867,train
95,0.43255415558815,train
95,0.04382157325744629,train
96,0.3738235831260681,train
96,1.9048906564712524,train
97,0.3830060362815857,train
97,1.589381217956543,train
98,0.3824077844619751,train
98,1.5858440399169922,train
99,0.4164552688598633,train
99,0.4770793914794922,train
100,0.38142281770706177,train
100,1.5745580196380615,train
101,0.3809010088443756,train
101,1.5671110153198242,train
102,0.4292338490486145,train
102,0.00035262107849121094,train
103,0.4094594717025757,train
103,0.6174362897872925,train
104,0.42611774802207947,train
104,0.07091927528381348,train
105,0.4266650080680847,train
105,0.0426408052444458,train
106,0.4275780916213989,train
106,0.002278566360473633,train
107,0.42721661925315857,train
107,0.0007700920104980469,train
108,0.4168180227279663,train
108,0.32188940048217773,train
109,0.40847349166870117,train
109,0.5751126408576965,train
110,0.41889578104019165,train
110,0.22580337524414062,train
111,0.425373375415802,train
111,0.0038704872131347656,train
112,0.424891859292984,train
112,0.0022208690643310547,train
113,0.42445749044418335,train
113,0.0008016824722290039,train
114,0.3889624774456024,train
114,1.1264595985412598,train
115,0.42208942770957947,train
115,0.054279446601867676,train
116,0.4233149588108063,train
116,0.0035405755043029785,train
117,0.4217919409275055,train
117,0.038246989250183105,train
118,0.4029437005519867,train
118,0.6324131488800049,train
119,0.41094058752059937,train
119,0.3656972646713257,train
120,0.4220293462276459,train
120,0.001953601837158203,train
121,0.4218381941318512,train
121,0.0005167722702026367,train
122,0.4214978814125061,train
122,0.005558013916015625,train
123,0.4200720191001892,train
123,0.0461878776550293,train
124,0.3731538653373718,train
124,1.5374393463134766,train
125,0.41126522421836853,train
125,0.30272531509399414,train
126,0.4088346064090729,train
126,0.3677675724029541,train
127,0.41822826862335205,train
127,0.0533442497253418,train
128,0.4191552996635437,train
128,0.013261467218399048,train
129,0.4090338945388794,train
129,0.327038049697876,train
130,0.3999843895435333,train
130,0.6072090864181519,train
131,0.3793833553791046,train
131,1.2595276832580566,train
132,0.37170153856277466,train
132,1.5052247047424316,train
133,0.4183228015899658,train
133,0.002955019474029541,train
134,0.416978657245636,train
134,0.030803918838500977,train
135,0.4078528881072998,train
135,0.3057945966720581,train
136,0.41639697551727295,train
136,0.018285036087036133,train
137,0.3816131353378296,train
137,1.1163930892944336,train
138,0.41171517968177795,train
138,0.13980937004089355,train
139,0.41499459743499756,train
139,0.021017074584960938,train
140,0.4109991192817688,train
140,0.13958477973937988,train
141,0.4149968922138214,train
141,0.0012922286987304688,train
142,0.4142933487892151,train
142,0.018747329711914062,train
143,0.41429680585861206,train
143,0.01446068286895752,train
144,0.40502941608428955,train
144,0.3060920238494873,train
145,0.3994580805301666,train
145,0.4770718812942505,train
146,0.3941979706287384,train
146,0.6376931667327881,train
147,0.39539915323257446,train
147,0.5917456150054932,train
148,0.40957412123680115,train
148,0.1318911910057068,train
149,0.4127234220504761,train
149,0.02981436252593994,train
150,0.4119095802307129,train
150,0.056658267974853516,train
151,0.3957967162132263,train
151,0.574274480342865,train
152,0.40974003076553345,train
152,0.12653124332427979,train
153,0.41176629066467285,train
153,0.05780816078186035,train
154,0.39395275712013245,train
154,0.6275249719619751,train
155,0.3753218948841095,train
155,1.2270610332489014,train
156,0.4137555956840515,train
156,0.011252164840698242,train
157,0.41392961144447327,train
157,0.011797189712524414,train
158,0.4127032160758972,train
158,0.04462575912475586,train
159,0.4135517477989197,train
159,0.00982654094696045,train
160,0.375470906496048,train
160,1.2195017337799072,train
161,0.3787441551685333,train
161,1.1097564697265625,train
162,0.3556255102157593,train
162,1.8473349809646606,train
163,0.4113626182079315,train
163,0.05721235275268555,train
164,0.41226926445961,train
164,0.008850336074829102,train
165,0.39337417483329773,train
165,0.5818447470664978,train
166,0.4105234742164612,train
166,0.0009045600891113281,train
167,0.40851420164108276,train
167,0.03988027572631836,train
168,0.40930742025375366,train
168,0.0005854964256286621,train
169,0.40869706869125366,train
169,0.011083364486694336,train
170,0.4080006778240204,train
170,0.02354574203491211,train
171,0.40817734599113464,train
171,0.007024288177490234,train
172,0.40802478790283203,train
172,0.0048923492431640625,train
173,0.40678277611732483,train
173,0.04230612516403198,train
174,0.3941439390182495,train
174,0.4448578357696533,train
175,0.37418869137763977,train
175,1.0836505889892578,train
176,0.39862459897994995,train
176,0.30654585361480713,train
177,0.407940149307251,train
177,0.006805926561355591,train
178,0.399016797542572,train
178,0.2867124080657959,train
179,0.39061474800109863,train
179,0.5512728095054626,train
180,0.39430809020996094,train
180,0.4316599369049072,train
181,0.3959352970123291,train
181,0.3837268352508545,train
182,0.3991885781288147,train
182,0.2812032699584961,train
183,0.3610488176345825,train
183,1.5028152465820312,train
184,0.40608564019203186,train
184,0.0577930212020874,train
185,0.40134117007255554,train
185,0.19819211959838867,train
186,0.37364786863327026,train
186,1.0712885856628418,train
187,0.36742308735847473,train
187,1.2613582611083984,train
188,0.4063096046447754,train
188,0.004410475492477417,train
189,0.4041713774204254,train
189,0.05992400646209717,train
190,0.39645034074783325,train
190,0.30001163482666016,train
191,0.3907927870750427,train
191,0.47678613662719727,train
192,0.35990020632743835,train
192,1.456995964050293,train
193,0.3960435390472412,train
193,0.2975267171859741,train
194,0.4041774272918701,train
194,0.03366506099700928,train
195,0.40066373348236084,train
195,0.14269065856933594,train
196,0.3957566022872925,train
196,0.29451465606689453,train
197,0.35986146330833435,train
197,1.4356369972229004,train
198,0.38741573691368103,train
198,0.5477679371833801,train
199,0.39231324195861816,train
199,0.38751840591430664,train
200,0.34651193022727966,train
200,1.848123550415039,train
201,0.4034450054168701,train
201,0.019814014434814453,train
202,0.39518994092941284,train
202,0.2761039733886719,train
203,0.4023507237434387,train
203,0.04186391830444336,train
204,0.4025043547153473,train
204,0.024303674697875977,train
205,0.3943324685096741,train
205,0.27804064750671387,train
206,0.38917338848114014,train
206,0.433213472366333,train
207,0.40197625756263733,train
207,0.0128936767578125,train
208,0.39993953704833984,train
208,0.06934046745300293,train
209,0.382001668214798,train
209,0.6360640525817871,train
210,0.3953973650932312,train
210,0.19894254207611084,train
211,0.3929596245288849,train
211,0.27221226692199707,train
212,0.40090394020080566,train
212,0.01583254337310791,train
213,0.38335713744163513,train
213,0.579359769821167,train
214,0.38685086369514465,train
214,0.46326303482055664,train
215,0.38704419136047363,train
215,0.44936323165893555,train
216,0.39903250336647034,train
216,0.06077897548675537,train
217,0.3998851478099823,train
217,0.03470921516418457,train
218,0.4005781412124634,train
218,0.009465694427490234,train
219,0.38262343406677246,train
219,0.574086606502533,train
220,0.3992304503917694,train
220,0.0295259952545166,train
221,0.35559147596359253,train
221,1.4177742004394531,train
222,0.39759182929992676,train
222,0.06202054023742676,train
223,0.39849579334259033,train
223,0.029621362686157227,train
224,0.35297825932502747,train
224,1.4859700202941895,train
225,0.3982875347137451,train
225,0.030546903610229492,train
226,0.3906043767929077,train
226,0.2693135738372803,train
227,0.3809816539287567,train
227,0.5770242214202881,train
228,0.3898543417453766,train
228,0.2913557291030884,train
229,0.35902678966522217,train
229,1.2732458114624023,train
230,0.3925892412662506,train
230,0.1932690143585205,train
231,0.3923216760158539,train
231,0.1929914951324463,train
232,0.39726507663726807,train
232,0.02774178981781006,train
233,0.3979420065879822,train
233,0.001171022653579712,train
234,0.37989184260368347,train
234,0.5730629563331604,train
235,0.3583509922027588,train
235,1.2568130493164062,train
236,0.39698997139930725,train
236,0.014796674251556396,train
237,0.39711636304855347,train
237,0.004095792770385742,train
238,0.3823847770690918,train
238,0.4711487293243408,train
239,0.3402598202228546,train
239,1.8124009370803833,train
240,0.39659225940704346,train
240,0.003770112991333008,train
241,0.3965950012207031,train
241,0.0008122920989990234,train
242,0.3960607647895813,train
242,0.014905214309692383,train
243,0.3953360319137573,train
243,0.03658914566040039,train
244,0.37916916608810425,train
244,0.5587686896324158,train
245,0.37902548909187317,train
245,0.5675936341285706,train
246,0.3877437114715576,train
246,0.2862374782562256,train
247,0.3787577152252197,train
247,0.5594123005867004,train
248,0.39490506052970886,train
248,0.033826470375061035,train
249,0.3629777133464813,train
249,1.050323724746704,train
250,0.35144466161727905,train
250,1.4152860641479492,train
251,0.38104280829429626,train
251,0.469179630279541,train
252,0.3776787519454956,train
252,0.577542781829834,train
253,0.3520597219467163,train
253,1.3923068046569824,train
254,0.39541590213775635,train
254,0.005827128887176514,train
255,0.39553970098495483,train
255,0.004929542541503906,train
256,0.3901834487915039,train
256,0.1784447431564331,train
257,0.3494662642478943,train
257,1.4853813648223877,train
258,0.39533907175064087,train
258,0.013907670974731445,train
259,0.37565723061561584,train
259,0.631920337677002,train
260,0.3858315050601959,train
260,0.29165375232696533,train
261,0.3927503526210785,train
261,0.06183505058288574,train
262,0.38554200530052185,train
262,0.28545892238616943,train
263,0.36180633306503296,train
263,1.0428504943847656,train
264,0.3941420614719391,train
264,0.003911852836608887,train
265,0.3932507038116455,train
265,0.023551583290100098,train
266,0.38529396057128906,train
266,0.2645833492279053,train
267,0.38454851508140564,train
267,0.27895259857177734,train
268,0.3803596496582031,train
268,0.41120290756225586,train
269,0.38459208607673645,train
269,0.27888238430023193,train
270,0.37868985533714294,train
270,0.47030937671661377,train
271,0.39316675066947937,train
271,0.005378752946853638,train
272,0.3914370536804199,train
272,0.05397987365722656,train
273,0.3842475414276123,train
273,0.27122581005096436,train
274,0.3917354345321655,train
274,0.016187071800231934,train
275,0.3908843398094177,train
275,0.032208919525146484,train
276,0.3745232820510864,train
276,0.5453442931175232,train
277,0.3910212814807892,train
277,0.008228182792663574,train
278,0.39062291383743286,train
278,0.015610456466674805,train
279,0.3827083110809326,train
279,0.26356613636016846,train
280,0.38234564661979675,train
280,0.26835453510284424,train
281,0.38235047459602356,train
281,0.25946199893951416,train
282,0.39009660482406616,train
282,0.003869771957397461,train
283,0.3508831858634949,train
283,1.2470347881317139,train
284,0.38970112800598145,train
284,0.012610077857971191,train
285,0.38842085003852844,train
285,0.06658709049224854,train
286,0.3459705412387848,train
286,1.432009220123291,train
287,0.3792155683040619,train
287,0.3742421865463257,train
288,0.3837604224681854,train
288,0.2361011505126953,train
289,0.39132189750671387,train
289,0.0040340423583984375,train
290,0.3918658494949341,train
290,0.003961324691772461,train
291,0.3917621374130249,train
291,0.012929916381835938,train
292,0.3915148377418518,train
292,0.011268973350524902,train
293,0.3826828896999359,train
293,0.27539658546447754,train
294,0.3776133060455322,train
294,0.4132657051086426,train
295,0.3731498122215271,train
295,0.533728837966919,train
296,0.3807728886604309,train
296,0.2684372067451477,train
297,0.3693162500858307,train
297,0.6257470846176147,train
298,0.3803968131542206,train
298,0.26353758573532104,train
299,0.3831404149532318,train
299,0.17087233066558838,train
300,0.3874861001968384,train
300,0.027580559253692627,train
301,0.37608277797698975,train
301,0.38689351081848145,train
302,0.36850500106811523,train
302,0.6301192045211792,train
303,0.3444333076477051,train
303,1.4027118682861328,train
304,0.3877677917480469,train
304,0.02198958396911621,train
305,0.3841214179992676,train
305,0.14119112491607666,train
306,0.36863407492637634,train
306,0.6335122585296631,train
307,0.37160298228263855,train
307,0.5289306044578552,train
308,0.38718900084495544,train
308,0.020493030548095703,train
309,0.3710539937019348,train
309,0.5269964337348938,train
310,0.3829267621040344,train
310,0.13600903749465942,train
311,0.38612690567970276,train
311,0.023361802101135254,train
312,0.3857915997505188,train
312,0.023136258125305176,train
313,0.37000060081481934,train
313,0.5201959013938904,train
314,0.3855348229408264,train
314,0.018707990646362305,train
315,0.3773716390132904,train
315,0.27469944953918457,train
316,0.38386887311935425,train
316,0.05876338481903076,train
317,0.38543903827667236,train
317,0.006211519241333008,train
318,0.3420848250389099,train
318,1.3894271850585938,train
319,0.37730807065963745,train
319,0.25792253017425537,train
320,0.383423775434494,train
320,0.05705547332763672,train
321,0.38493138551712036,train
321,0.005308628082275391,train
322,0.3851259648799896,train
322,0.00036454200744628906,train
323,0.37342798709869385,train
323,0.37511110305786133,train
324,0.38468486070632935,train
324,0.013818025588989258,train
325,0.34273213148117065,train
325,1.3551421165466309,train
326,0.3776639997959137,train
326,0.24012041091918945,train
327,0.32837843894958496,train
327,1.8167855739593506,train
328,0.32833895087242126,train
328,1.8126018047332764,train
329,0.38472455739974976,train
329,0.0020172595977783203,train
330,0.37777137756347656,train
330,0.21096038818359375,train
331,0.3391857445240021,train
331,1.4421439170837402,train
332,0.3802024722099304,train
332,0.1271955370903015,train
333,0.3788924813270569,train
333,0.17008602619171143,train
334,0.3699813187122345,train
334,0.45215463638305664,train
335,0.3832322657108307,train
335,0.028017878532409668,train
336,0.3648950755596161,train
336,0.6116628646850586,train
337,0.3449941873550415,train
337,1.2492167949676514,train
338,0.3830459415912628,train
338,0.03905320167541504,train
339,0.36677637696266174,train
339,0.5578470826148987,train
340,0.37550410628318787,train
340,0.26975202560424805,train
341,0.3673161566257477,train
341,0.5189950466156006,train
342,0.3392697274684906,train
342,1.4026620388031006,train
343,0.38230863213539124,train
343,0.017598628997802734,train
344,0.3824312686920166,train
344,0.007154703140258789,train
345,0.3779557943344116,train
345,0.14434432983398438,train
346,0.381692498922348,train
346,0.025626420974731445,train
347,0.3812131881713867,train
347,0.04036092758178711,train
348,0.368482768535614,train
348,0.4375271797180176,train
349,0.38171473145484924,train
349,0.002367258071899414,train
350,0.3802034854888916,train
350,0.04455423355102539,train
351,0.3777722716331482,train
351,0.11598026752471924,train
352,0.37752565741539,train
352,0.1150672435760498,train
353,0.3778226673603058,train
353,0.10285449028015137,train
354,0.3768531084060669,train
354,0.12742185592651367,train
355,0.36489906907081604,train
355,0.5018653869628906,train
356,0.337259441614151,train
356,1.3829231262207031,train
357,0.37488824129104614,train
357,0.18204975128173828,train
358,0.37420913577079773,train
358,0.20238745212554932,train
359,0.3261268734931946,train
359,1.7389626502990723,train
360,0.3804756999015808,train
360,0.0027477145195007324,train
361,0.3801737129688263,train
361,0.009650588035583496,train
362,0.3713294565677643,train
362,0.2803173065185547,train
363,0.3793519139289856,train
363,0.011556029319763184,train
364,0.3792327344417572,train
364,0.002315014600753784,train
365,0.36403676867485046,train
365,0.48295724391937256,train
366,0.3783845603466034,train
366,0.020372867584228516,train
367,0.36472180485725403,train
367,0.4544985294342041,train
368,0.3785148561000824,train
368,0.00969696044921875,train
369,0.37709829211235046,train
369,0.05008649826049805,train
370,0.3782036006450653,train
370,0.01040029525756836,train
371,0.37785598635673523,train
371,0.01526641845703125,train
372,0.3600849211215973,train
372,0.5816805958747864,train
373,0.374509334564209,train
373,0.12724709510803223,train
374,0.36035245656967163,train
374,0.5761057734489441,train
375,0.3699471056461334,train
375,0.26119351387023926,train
376,0.37766188383102417,train
376,0.002516031265258789,train
377,0.3230977952480316,train
377,1.7363612651824951,train
378,0.34443050622940063,train
378,1.0389797687530518,train
379,0.3576899766921997,train
379,0.6100308895111084,train
380,0.3613864779472351,train
380,0.48981571197509766,train
381,0.37604451179504395,train
381,0.01677238941192627,train
382,0.37579283118247986,train
382,0.021434307098388672,train
383,0.36101028323173523,train
383,0.4894993305206299,train
384,0.35947185754776,train
384,0.5349635481834412,train
385,0.375510036945343,train
385,0.018149256706237793,train
386,0.3586607575416565,train
386,0.5517168641090393,train
387,0.362123042345047,train
387,0.4355604648590088,train
388,0.3749973773956299,train
388,0.020034313201904297,train
389,0.36732080578804016,train
389,0.2641482353210449,train
390,0.3752850592136383,train
390,0.019496917724609375,train
391,0.3754976689815521,train
391,0.021970272064208984,train
392,0.33635392785072327,train
392,1.2739052772521973,train
393,0.36041054129600525,train
393,0.4941854476928711,train
394,0.3720843195915222,train
394,0.10731768608093262,train
395,0.36745014786720276,train
395,0.24119806289672852,train
396,0.368401437997818,train
396,0.20309662818908691,train
397,0.3691362142562866,train
397,0.1715306043624878,train
398,0.36892616748809814,train
398,0.1704394817352295,train
399,0.3550194799900055,train
399,0.6104221343994141,train
400,0.36307236552238464,train
400,0.3478529453277588,train
401,0.36633530259132385,train
401,0.2365540862083435,train
402,0.3674342632293701,train
402,0.1976989507675171,train
403,0.36613425612449646,train
403,0.23282837867736816,train
404,0.3626020848751068,train
404,0.33937668800354004,train
405,0.3695971667766571,train
405,0.11374521255493164,train
406,0.3344116806983948,train
406,1.249382495880127,train
407,0.33449965715408325,train
407,1.2463910579681396,train
408,0.36999794840812683,train
408,0.10654580593109131,train
409,0.3734634518623352,train
409,0.004103571176528931,train
410,0.37332579493522644,train
410,0.015843629837036133,train
411,0.37378668785095215,train
411,0.004713773727416992,train
412,0.3702860176563263,train
412,0.11778914928436279,train
413,0.373433381319046,train
413,0.016807079315185547,train
414,0.3708486557006836,train
414,0.10704982280731201,train
415,0.3555748462677002,train
415,0.6016130447387695,train
416,0.35856854915618896,train
416,0.5118070244789124,train
417,0.3586406707763672,train
417,0.5103606581687927,train
418,0.37333765625953674,train
418,0.033786773681640625,train
419,0.360042929649353,train
419,0.440238356590271,train
420,0.37287265062332153,train
420,0.0014913082122802734,train
421,0.372173011302948,train
421,0.003848552703857422,train
422,0.3716629147529602,train
422,0.0043487548828125,train
423,0.3163239061832428,train
423,1.7591077089309692,train
424,0.370718777179718,train
424,0.011899232864379883,train
425,0.3662986755371094,train
425,0.15306377410888672,train
426,0.33927521109580994,train
426,1.0216059684753418,train
427,0.37094321846961975,train
427,0.007504463195800781,train
428,0.37097370624542236,train
428,0.004745364189147949,train
429,0.3653409779071808,train
429,0.18422365188598633,train
430,0.35792428255081177,train
430,0.4216020107269287,train
431,0.35824647545814514,train
431,0.41821348667144775,train
432,0.36293116211891174,train
432,0.2798013687133789,train
433,0.3296425938606262,train
433,1.351494312286377,train
434,0.3632277548313141,train
434,0.27388834953308105,train
435,0.3714877963066101,train
435,0.001979827880859375,train
436,0.37106841802597046,train
436,0.001576066017150879,train
437,0.3674684166908264,train
437,0.10672241449356079,train
438,0.35333892703056335,train
438,0.5529314875602722,train
439,0.3573473393917084,train
439,0.4176604747772217,train
440,0.36654454469680786,train
440,0.11790609359741211,train
441,0.3648991286754608,train
441,0.17189550399780273,train
442,0.3701714277267456,train
442,0.014305830001831055,train
443,0.3705357313156128,train
443,0.0065495967864990234,train
444,0.31659871339797974,train
444,1.7386291027069092,train
445,0.36368247866630554,train
445,0.2324826717376709,train
446,0.3708030581474304,train
446,0.00832521915435791,train
447,0.3713132441043854,train
447,0.0023081302642822266,train
448,0.3710405230522156,train
448,0.0157167911529541,train
449,0.37123215198516846,train
449,0.007152557373046875,train
450,0.3711797595024109,train
450,0.0025758743286132812,train
451,0.3705410361289978,train
451,0.01181185245513916,train
452,0.35122206807136536,train
452,0.6189702749252319,train
453,0.36874493956565857,train
453,0.04929625988006592,train
454,0.3577195703983307,train
454,0.3895859718322754,train
455,0.3693771958351135,train
455,0.005036711692810059,train
456,0.36402520537376404,train
456,0.16971445083618164,train
457,0.35344433784484863,train
457,0.504442036151886,train
458,0.35438287258148193,train
458,0.4776414632797241,train
459,0.3659474849700928,train
459,0.10679006576538086,train
460,0.3564383089542389,train
460,0.40790438652038574,train
461,0.3683043420314789,train
461,0.0202181339263916,train
462,0.34971973299980164,train
462,0.6066462993621826,train
463,0.36830055713653564,train
463,0.010090559720993042,train
464,0.3611532747745514,train
464,0.2370668649673462,train
465,0.36830949783325195,train
465,0.010649919509887695,train
466,0.3682796061038971,train
466,0.007517337799072266,train
467,0.36718520522117615,train
467,0.03718698024749756,train
468,0.36818012595176697,train
468,0.004720419645309448,train
469,0.36801236867904663,train
469,0.01171875,train
470,0.3671678304672241,train
470,0.038898468017578125,train
471,0.35852426290512085,train
471,0.3087952136993408,train
472,0.36039042472839355,train
472,0.2410426139831543,train
473,0.3675585985183716,train
473,0.010259270668029785,train
474,0.36750733852386475,train
474,0.009618282318115234,train
475,0.3631988763809204,train
475,0.13911724090576172,train
476,0.3622479736804962,train
476,0.15559792518615723,train
477,0.32393771409988403,train
477,1.3717057704925537,train
478,0.36664196848869324,train
478,0.0016624927520751953,train
479,0.36629730463027954,train
479,0.012961149215698242,train
480,0.3627511262893677,train
480,0.12392395734786987,train
481,0.36581751704216003,train
481,0.023356914520263672,train
482,0.35006123781204224,train
482,0.526576817035675,train
483,0.36609163880348206,train
483,0.010027885437011719,train
484,0.36600202322006226,train
484,0.010228633880615234,train
485,0.34752973914146423,train
485,0.5958590507507324,train
486,0.364749014377594,train
486,0.039967477321624756,train
487,0.3651852607727051,train
487,0.021099090576171875,train
488,0.36547669768333435,train
488,0.0038826465606689453,train
489,0.36180227994918823,train
489,0.11192440986633301,train
490,0.34870946407318115,train
490,0.5202985405921936,train
491,0.3647865355014801,train
491,0.003911018371582031,train
492,0.36105042695999146,train
492,0.11978638172149658,train
493,0.36449962854385376,train
493,0.006123542785644531,train
494,0.36457696557044983,train
494,0.0003681182861328125,train
495,0.3244132697582245,train
495,1.2834181785583496,train
496,0.35500800609588623,train
496,0.3040890693664551,train
497,0.3645903468132019,train
497,0.0007778406143188477,train
498,0.3335570693016052,train
498,0.9994111657142639,train
499,0.3648760914802551,train
499,0.007956385612487793,train
500,0.36494091153144836,train
500,0.010319232940673828,train
501,0.36046451330184937,train
501,0.1469128131866455,train
502,0.35559678077697754,train
502,0.29167795181274414,train
503,0.3638775944709778,train
503,0.022012293338775635,train
504,0.34905579686164856,train
504,0.4960615038871765,train
505,0.36410900950431824,train
505,0.01701951026916504,train
506,0.3494277894496918,train
506,0.4933737516403198,train
507,0.3601476848125458,train
507,0.1512923240661621,train
508,0.34910106658935547,train
508,0.49181246757507324,train
509,0.3639576733112335,train
509,0.0041277408599853516,train
510,0.3561062514781952,train
510,0.2436518669128418,train
511,0.34817683696746826,train
511,0.49200886487960815,train
512,0.36309176683425903,train
512,0.011857271194458008,train
513,0.36341366171836853,train
513,0.0004729032516479492,train
514,0.363031804561615,train
514,0.011132299900054932,train
515,0.3606427311897278,train
515,0.09115409851074219,train
516,0.3480425775051117,train
516,0.48715513944625854,train
517,0.36288145184516907,train
517,0.0012085437774658203,train
518,0.36247628927230835,train
518,0.010623931884765625,train
519,0.3583073616027832,train
519,0.14365935325622559,train
520,0.3554878234863281,train
520,0.22412395477294922,train
521,0.3485555052757263,train
521,0.4371657371520996,train
522,0.3531627655029297,train
522,0.28530073165893555,train
523,0.36170822381973267,train
523,0.004814267158508301,train
524,0.36134734749794006,train
524,0.012710213661193848,train
525,0.3465394675731659,train
525,0.4849940538406372,train
526,0.35398852825164795,train
526,0.24291563034057617,train
527,0.3611775040626526,train
527,0.010288476943969727,train
528,0.3529171943664551,train
528,0.27457737922668457,train
529,0.361267626285553,train
529,0.008189201354980469,train
530,0.35391905903816223,train
530,0.23878884315490723,train
531,0.34770074486732483,train
531,0.4296172857284546,train
532,0.348481684923172,train
532,0.39849233627319336,train
533,0.360732764005661,train
533,0.0037581920623779297,train
534,0.30606746673583984,train
534,1.7489376068115234,train
535,0.35933053493499756,train
535,0.034732818603515625,train
536,0.32930752635002136,train
536,0.9865650534629822,train
537,0.3528763949871063,train
537,0.2274940013885498,train
538,0.35974687337875366,train
538,0.004091888666152954,train
539,0.34780406951904297,train
539,0.3809911012649536,train
540,0.3561006486415863,train
540,0.10995161533355713,train
0,0.3430076837539673,test
1,0.33755600452423096,test
2,0.33364617824554443,test
3,0.3306945860385895,test
4,0.327176034450531,test
5,0.3248733878135681,test
6,0.32257959246635437,test
7,0.3210388422012329,test
8,0.31966331601142883,test
9,0.31854453682899475,test
10,0.31780827045440674,test
11,0.31717443466186523,test
12,0.31648463010787964,test
13,0.3159206807613373,test
14,0.3156017065048218,test
15,0.31523916125297546,test
16,0.31464725732803345,test
17,0.3153044879436493,test
18,0.31658464670181274,test
19,0.3181391954421997,test
20,0.31982216238975525,test
21,0.3210750222206116,test
22,0.32191669940948486,test
23,0.32281339168548584,test
24,0.32373061776161194,test
25,0.32455095648765564,test
26,0.3251953125,test
27,0.3257002830505371,test
28,0.32607972621917725,test
29,0.32635611295700073,test
30,0.32669389247894287,test
31,0.32723331451416016,test
32,0.3279593288898468,test
33,0.3289773166179657,test
34,0.330233633518219,test
35,0.33135291934013367,test
36,0.3323378562927246,test
37,0.3333202004432678,test
38,0.3339892029762268,test
39,0.3340582847595215,test
40,0.3337826132774353,test
41,0.3336431384086609,test
42,0.33359986543655396,test
43,0.3334003984928131,test
44,0.3332643508911133,test
45,0.33303868770599365,test
46,0.3327609598636627,test
47,0.3328031599521637,test
48,0.3329460322856903,test
49,0.333089143037796,test
50,0.3333788514137268,test
51,0.33388274908065796,test
52,0.3343343138694763,test
53,0.33450332283973694,test
54,0.3342794179916382,test
55,0.33387288451194763,test
56,0.3336801528930664,test
57,0.33355793356895447,test
58,0.3333176076412201,test
59,0.3332069218158722,test
60,0.33300474286079407,test
61,0.3328588306903839,test
62,0.3327398896217346,test
63,0.33247268199920654,test
64,0.33244451880455017,test
65,0.33256658911705017,test
66,0.33244597911834717,test
67,0.3320850133895874,test
68,0.3317350745201111,test
69,0.33151715993881226,test
70,0.3312365412712097,test
71,0.3307768404483795,test
72,0.3303009569644928,test
73,0.32997575402259827,test
74,0.3296266198158264,test
75,0.32922273874282837,test
76,0.32908618450164795,test
77,0.3293430507183075,test
78,0.32998862862586975,test
79,0.3304896056652069,test
80,0.3306311070919037,test
81,0.33061063289642334,test
82,0.3302193284034729,test
83,0.3295624554157257,test
84,0.3291444778442383,test
85,0.32915163040161133,test
86,0.32928144931793213,test
87,0.32927751541137695,test
88,0.3292611837387085,test
89,0.32930684089660645,test
90,0.32933509349823,test
91,0.3290289640426636,test
92,0.3285970389842987,test
93,0.32839691638946533,test
94,0.32841378450393677,test
95,0.32864463329315186,test
96,0.32884666323661804,test
97,0.32862067222595215,test
98,0.3278297185897827,test
99,0.3270165026187897,test
100,0.3261723518371582,test
101,0.32489728927612305,test
102,0.3236401379108429,test
103,0.3226373791694641,test
104,0.3217787444591522,test
105,0.3209611475467682,test
106,0.32025766372680664,test
107,0.31968340277671814,test
108,0.3192843794822693,test
109,0.31914886832237244,test
110,0.319213330745697,test
111,0.3193086087703705,test
112,0.31923961639404297,test
113,0.31919342279434204,test
114,0.31925705075263977,test
115,0.31947898864746094,test
116,0.31971925497055054,test
117,0.3199238181114197,test
118,0.3201236128807068,test
119,0.3201545178890228,test
120,0.3200185000896454,test
121,0.31989485025405884,test
122,0.3197751045227051,test
123,0.31982576847076416,test
124,0.31974920630455017,test
125,0.3195018172264099,test
126,0.31933367252349854,test
127,0.3189921975135803,test
128,0.31860241293907166,test
129,0.318199098110199,test
130,0.3176841139793396,test
131,0.3169340491294861,test
132,0.31624722480773926,test
133,0.3159136176109314,test
134,0.31580767035484314,test
135,0.31596994400024414,test
136,0.315945565700531,test
137,0.31566348671913147,test
138,0.3154110908508301,test
139,0.3152577877044678,test
140,0.31515154242515564,test
141,0.3147742450237274,test
142,0.314310759305954,test
143,0.31408098340034485,test
144,0.3138711750507355,test
145,0.31351736187934875,test
146,0.3131096065044403,test
147,0.3126409947872162,test
148,0.31212785840034485,test
149,0.31177109479904175,test
150,0.3114699125289917,test
151,0.31122446060180664,test
152,0.3110976219177246,test
153,0.3107856512069702,test
154,0.3103278875350952,test
155,0.3097092807292938,test
156,0.30913177132606506,test
157,0.30879634618759155,test
158,0.30832499265670776,test
159,0.3078523576259613,test
160,0.307329922914505,test
161,0.306741863489151,test
162,0.30626073479652405,test
163,0.3060514032840729,test
164,0.306211918592453,test
165,0.3065303564071655,test
166,0.30696848034858704,test
167,0.3071952760219574,test
168,0.3071087598800659,test
169,0.30689382553100586,test
170,0.30672165751457214,test
171,0.3068608045578003,test
172,0.30694130063056946,test
173,0.3067303001880646,test
174,0.3066210150718689,test
175,0.3066364824771881,test
176,0.30651605129241943,test
177,0.3062308132648468,test
178,0.30604422092437744,test
179,0.3060276210308075,test
180,0.3061569333076477,test
181,0.30626779794692993,test
182,0.3063567876815796,test
183,0.3061642646789551,test
184,0.3055149018764496,test
185,0.30493175983428955,test
186,0.30455324053764343,test
187,0.3039713501930237,test
188,0.3031807541847229,test
189,0.3026631772518158,test
190,0.3022780120372772,test
191,0.3021198809146881,test
192,0.30240118503570557,test
193,0.302669882774353,test
194,0.3027629852294922,test
195,0.3027823269367218,test
196,0.3024807274341583,test
197,0.3021256625652313,test
198,0.30204054713249207,test
199,0.3019530475139618,test
200,0.301681786775589,test
201,0.30142608284950256,test
202,0.3009898066520691,test
203,0.30016592144966125,test
204,0.29908254742622375,test
205,0.2981235086917877,test
206,0.29759371280670166,test
207,0.29757803678512573,test
208,0.2979946732521057,test
209,0.29843688011169434,test
210,0.2988605797290802,test
211,0.2994270324707031,test
212,0.2999754548072815,test
213,0.30030569434165955,test
214,0.3003751039505005,test
215,0.30057546496391296,test
216,0.3010830581188202,test
217,0.30146661400794983,test
218,0.30131566524505615,test
219,0.3009227514266968,test
220,0.300494521856308,test
221,0.30014050006866455,test
222,0.3001042604446411,test
223,0.3002692461013794,test
224,0.3001289665699005,test
225,0.2997180223464966,test
226,0.2995132803916931,test
227,0.2993638217449188,test
228,0.2990116477012634,test
229,0.29835113883018494,test
230,0.29767099022865295,test
231,0.29734912514686584,test
232,0.29728683829307556,test
233,0.2972870469093323,test
234,0.2973056435585022,test
235,0.2971169352531433,test
236,0.2967759370803833,test
237,0.2965705692768097,test
238,0.2966790795326233,test
239,0.2969241440296173,test
240,0.2969236373901367,test
241,0.29690489172935486,test
242,0.2968585193157196,test
243,0.29659396409988403,test
244,0.2963818311691284,test
245,0.29639732837677,test
246,0.29666560888290405,test
247,0.29710695147514343,test
248,0.2974080443382263,test
249,0.29756826162338257,test
250,0.2979010045528412,test
251,0.2982626259326935,test
252,0.29839128255844116,test
253,0.29856380820274353,test
254,0.298866868019104,test
255,0.29914590716362,test
256,0.2995035648345947,test
257,0.2995302379131317,test
258,0.29895174503326416,test
259,0.2981550693511963,test
260,0.2973143756389618,test
261,0.296673983335495,test
262,0.2961844205856323,test
263,0.29574358463287354,test
264,0.29555192589759827,test
265,0.2956322133541107,test
266,0.29596033692359924,test
267,0.29650604724884033,test
268,0.29721271991729736,test
269,0.2977946996688843,test
270,0.29802995920181274,test
271,0.29806363582611084,test
272,0.2977807819843292,test
273,0.2974221408367157,test
274,0.2971688508987427,test
275,0.29685238003730774,test
276,0.2966229021549225,test
277,0.2965407967567444,test
278,0.2964061200618744,test
279,0.29605844616889954,test
280,0.2957938015460968,test
281,0.2955853044986725,test
282,0.29505041241645813,test
283,0.2940948009490967,test
284,0.2932060956954956,test
285,0.2927895486354828,test
286,0.29231590032577515,test
287,0.29159021377563477,test
288,0.29086530208587646,test
289,0.29010438919067383,test
290,0.2895756661891937,test
291,0.28959083557128906,test
292,0.2896832227706909,test
293,0.2899676561355591,test
294,0.2906331419944763,test
295,0.2912750244140625,test
296,0.2918921709060669,test
297,0.2924894690513611,test
298,0.29307854175567627,test
299,0.29382187128067017,test
300,0.29453372955322266,test
301,0.29525354504585266,test
302,0.29591402411460876,test
303,0.2965339124202728,test
304,0.2970826327800751,test
305,0.29736703634262085,test
306,0.2974647283554077,test
307,0.2975170910358429,test
308,0.2973480820655823,test
309,0.2970121204853058,test
310,0.2967245876789093,test
311,0.29640230536460876,test
312,0.2960784137248993,test
313,0.2958330512046814,test
314,0.2955262362957001,test
315,0.2952515184879303,test
316,0.29528161883354187,test
317,0.29517847299575806,test
318,0.29500776529312134,test
319,0.2948914170265198,test
320,0.2948535680770874,test
321,0.2953788638114929,test
322,0.2958306074142456,test
323,0.2962547540664673,test
324,0.2967466711997986,test
325,0.2973595857620239,test
326,0.29783520102500916,test
327,0.2976192533969879,test
328,0.29706308245658875,test
329,0.295962393283844,test
330,0.2942916452884674,test
331,0.29220050573349,test
332,0.290061354637146,test
333,0.28845447301864624,test
334,0.2876330614089966,test
335,0.28731074929237366,test
336,0.2869076728820801,test
337,0.2864375114440918,test
338,0.28625747561454773,test
339,0.2862289249897003,test
340,0.2862091362476349,test
341,0.28629356622695923,test
342,0.2864372432231903,test
343,0.2865837514400482,test
344,0.2866789400577545,test
345,0.2866467237472534,test
346,0.286537766456604,test
347,0.28655168414115906,test
348,0.28675100207328796,test
349,0.28692272305488586,test
350,0.2871612012386322,test
351,0.28757819533348083,test
352,0.287991464138031,test
353,0.28840965032577515,test
354,0.28869402408599854,test
355,0.2888663709163666,test
356,0.2890116274356842,test
357,0.2891368269920349,test
358,0.2893097698688507,test
359,0.289486825466156,test
360,0.2897513806819916,test
361,0.29026567935943604,test
362,0.29116174578666687,test
363,0.29208195209503174,test
364,0.2927631139755249,test
365,0.29332977533340454,test
366,0.29373687505722046,test
367,0.2943275570869446,test
368,0.29487547278404236,test
369,0.2951142489910126,test
370,0.2949340045452118,test
371,0.2943207323551178,test
372,0.293815016746521,test
373,0.2934737801551819,test
374,0.2932676374912262,test
375,0.29321467876434326,test
376,0.2934058904647827,test
377,0.29369160532951355,test
378,0.2939842939376831,test
379,0.29407256841659546,test
380,0.29396724700927734,test
381,0.2940203547477722,test
382,0.29448357224464417,test
383,0.2952207624912262,test
384,0.29594793915748596,test
385,0.2965580224990845,test
386,0.29696452617645264,test
387,0.2976149022579193,test
388,0.29869523644447327,test
389,0.3000435531139374,test
390,0.3012436628341675,test
391,0.3018352687358856,test
392,0.3016864061355591,test
393,0.3012200593948364,test
394,0.3008173406124115,test
395,0.3004954159259796,test
396,0.3002218008041382,test
397,0.2999286651611328,test
398,0.2996615767478943,test
399,0.2992279827594757,test
400,0.2989955544471741,test
401,0.29915177822113037,test
402,0.29930150508880615,test
403,0.2994484305381775,test
404,0.2999209761619568,test
405,0.3005817234516144,test
406,0.3007005453109741,test
407,0.3000563085079193,test
408,0.29920339584350586,test
409,0.29855775833129883,test
410,0.29805612564086914,test
411,0.297574907541275,test
412,0.2971031367778778,test
413,0.2966340482234955,test
414,0.29625722765922546,test
415,0.2958623468875885,test
416,0.2955606281757355,test
417,0.29563868045806885,test
418,0.29633399844169617,test
419,0.2973867952823639,test
420,0.2980523109436035,test
421,0.2983687222003937,test
422,0.298898845911026,test
423,0.29954323172569275,test
424,0.29991239309310913,test
425,0.2999618947505951,test
426,0.29992905259132385,test
427,0.2999609708786011,test
428,0.2999045252799988,test
429,0.2997797429561615,test
430,0.29966625571250916,test
431,0.2995773255825043,test
432,0.2997724413871765,test
433,0.3006049692630768,test
434,0.3019446134567261,test
435,0.303399920463562,test
436,0.30457940697669983,test
437,0.30542436242103577,test
438,0.3061054050922394,test
439,0.3069864809513092,test
440,0.3080158829689026,test
441,0.3087986409664154,test
442,0.30930429697036743,test
443,0.30984506011009216,test
444,0.3104318082332611,test
445,0.31106796860694885,test
446,0.31184470653533936,test
447,0.3124094009399414,test
448,0.3126251995563507,test
449,0.31269004940986633,test
450,0.31249821186065674,test
451,0.3119286000728607,test
452,0.31112322211265564,test
453,0.31027311086654663,test
454,0.3094117343425751,test
455,0.3084363639354706,test
456,0.307531476020813,test
457,0.306936115026474,test
458,0.3066261410713196,test
459,0.30643898248672485,test
460,0.306660532951355,test
461,0.30744728446006775,test
462,0.30810847878456116,test
463,0.3084510862827301,test
464,0.3087782859802246,test
465,0.30876240134239197,test
466,0.3086790442466736,test
467,0.3088494837284088,test
468,0.3089953660964966,test
469,0.30897611379623413,test
470,0.3085475265979767,test
471,0.3081924617290497,test
472,0.30837905406951904,test
473,0.30857813358306885,test
474,0.3084406852722168,test
475,0.3079856038093567,test
476,0.3073994815349579,test
477,0.3068464994430542,test
478,0.3062126636505127,test
479,0.30590522289276123,test
480,0.3059527575969696,test
481,0.3057344853878021,test
482,0.3053286075592041,test
483,0.30500179529190063,test
484,0.3048669993877411,test
485,0.3046947717666626,test
486,0.30441415309906006,test
487,0.3045477271080017,test
488,0.3050946295261383,test
489,0.30567431449890137,test
490,0.30616188049316406,test
491,0.3065083920955658,test
492,0.3067229092121124,test
493,0.30675357580184937,test
494,0.3065064549446106,test
495,0.3065979778766632,test
496,0.3073412775993347,test
497,0.3082818388938904,test
498,0.30908653140068054,test
499,0.3096071481704712,test
500,0.30954596400260925,test
501,0.3091297745704651,test
502,0.3090161681175232,test
503,0.30918604135513306,test
504,0.30926674604415894,test
505,0.30927711725234985,test
506,0.30925607681274414,test
507,0.30901554226875305,test
508,0.30860450863838196,test
509,0.30856767296791077,test
510,0.30904948711395264,test
511,0.3096438944339752,test
512,0.3100087344646454,test
513,0.31027936935424805,test
514,0.31056350469589233,test
515,0.3103201687335968,test
516,0.30963197350502014,test
517,0.30934253334999084,test
518,0.309285044670105,test
519,0.3089296519756317,test
520,0.3084689676761627,test
521,0.30813539028167725,test
522,0.30817142128944397,test
523,0.308622270822525,test
524,0.3090977966785431,test
525,0.30949866771698,test
526,0.3100530803203583,test
527,0.31065070629119873,test
528,0.31134581565856934,test
529,0.31182533502578735,test
530,0.31208986043930054,test
531,0.3124464452266693,test
532,0.31297382712364197,test
533,0.3133983612060547,test
534,0.31338781118392944,test
535,0.31302502751350403,test
536,0.312492311000824,test
537,0.3121758997440338,test
538,0.3119966685771942,test
539,0.3117200434207916,test
540,0.31132829189300537,test
